"OrderID","CustomerID","EmployeeID","OrderDate","ShipperID"
"1","60","36","2025-12-08","6"
"2","302","8","2025-02-01","6"
"3","334","20","2023-09-05","8"
"4","159","2","2025-09-10","3"
"5","168","21","2025-07-22","1"
"6","135","4","2025-11-05","5"
"7","484","44","2023-04-19","5"
"8","9","26","2025-03-07","9"
"9","218","47","2024-07-12","7"
"10","117","20","2025-10-07","5"
"11","202","18","2023-04-25","7"
"12","145","12","2025-11-10","8"
"13","304","2","2025-11-22","6"
"14","239","2","2024-03-21","7"
"15","315","4","2024-03-30","2"
"16","236","22","2024-06-28","5"
"17","30","30","2024-04-16","10"
"18","464","29","2025-11-19","3"
"19","484","6","2025-12-07","9"
"20","344","42","2024-08-18","2"
"21","278","30","2023-04-16","10"
"22","39","44","2024-08-26","1"
"23","58","31","2024-07-22","4"
"24","61","46","2025-10-06","5"
"25","138","4","2025-03-21","3"
"26","179","39","2025-03-09","3"
"27","205","35","2025-10-13","4"
"28","441","20","2025-06-22","4"
"29","294","27","2024-06-23","8"
"30","294","47","2024-04-20","1"
"31","98","39","2022-12-16","1"
"32","161","47","2025-03-24","4"
"33","163","8","2025-07-30","1"
"34","229","13","2024-11-16","7"
"35","274","9","2023-02-17","5"
"36","213","4","2023-08-22","8"
"37","447","19","2025-02-25","1"
"38","25","49","2023-10-09","7"
"39","326","4","2024-10-17","5"
"40","466","22","2023-01-15","7"
"41","93","37","2025-02-07","9"
"42","195","15","2023-10-29","9"
"43","176","7","2025-03-29","9"
"44","273","8","2023-09-28","4"
"45","95","18","2025-02-09","3"
"46","200","1","2025-11-03","6"
"47","188","2","2024-07-14","4"
"48","351","1","2024-10-12","9"
"49","26","2","2025-06-24","5"
"50","106","11","2024-07-16","10"
"51","338","23","2024-10-18","6"
"52","250","18","2023-03-08","5"
"53","184","42","2023-10-21","1"
"54","408","40","2025-05-27","1"
"55","30","24","2024-08-02","3"
"56","226","42","2025-03-24","2"
"57","286","30","2025-11-01","6"
"58","76","17","2023-11-23","9"
"59","34","1","2024-04-23","3"
"60","110","24","2023-12-04","2"
"61","145","41","2025-06-22","1"
"62","212","31","2024-09-02","9"
"63","363","40","2023-05-18","5"
"64","463","43","2023-11-12","5"
"65","103","34","2024-10-03","10"
"66","130","49","2025-01-10","9"
"67","264","27","2023-11-04","6"
"68","32","17","2025-01-14","3"
"69","77","45","2025-12-06","3"
"70","375","48","2023-10-23","1"
"71","472","37","2024-11-15","7"
"72","172","38","2023-03-18","7"
"73","237","49","2024-09-20","8"
"74","234","11","2024-02-12","2"
"75","96","5","2023-09-23","9"
"76","291","30","2023-02-26","5"
"77","49","25","2024-05-11","4"
"78","395","26","2023-04-26","2"
"79","299","7","2023-01-06","9"
"80","176","10","2023-03-14","2"
"81","478","43","2025-01-19","6"
"82","277","32","2024-03-23","1"
"83","5","14","2025-03-14","3"
"84","280","39","2025-07-07","10"
"85","335","41","2022-12-28","6"
"86","447","46","2023-07-29","5"
"87","414","21","2023-09-13","1"
"88","173","9","2023-08-22","5"
"89","234","33","2023-08-06","2"
"90","53","48","2025-08-11","9"
"91","388","29","2024-04-01","8"
"92","433","24","2022-12-27","2"
"93","17","47","2023-01-05","3"
"94","381","30","2023-04-22","8"
"95","382","10","2022-12-22","2"
"96","339","23","2024-12-17","6"
"97","476","31","2025-03-14","10"
"98","113","32","2023-05-15","5"
"99","482","44","2024-09-23","10"
"100","357","24","2025-03-08","6"
"101","11","5","2023-08-23","3"
"102","473","37","2025-08-20","2"
"103","191","4","2024-09-27","2"
"104","355","19","2023-03-15","2"
"105","121","8","2024-01-05","6"
"106","258","26","2024-03-07","4"
"107","79","43","2025-08-16","4"
"108","200","10","2024-02-27","9"
"109","400","6","2024-04-27","3"
"110","148","2","2024-12-24","9"
"111","327","1","2025-02-22","5"
"112","93","27","2025-01-21","9"
"113","322","33","2024-08-02","1"
"114","322","10","2024-10-31","6"
"115","206","9","2024-06-15","2"
"116","37","25","2023-07-23","3"
"117","417","16","2022-12-25","4"
"118","387","36","2024-01-22","6"
"119","225","9","2024-08-14","10"
"120","198","5","2023-09-21","3"
"121","466","28","2024-07-20","3"
"122","356","18","2024-04-08","2"
"123","449","2","2024-11-20","10"
"124","407","35","2025-10-29","3"
"125","34","19","2025-08-09","10"
"126","337","26","2025-03-27","6"
"127","274","49","2023-06-27","8"
"128","336","31","2023-12-09","4"
"129","383","1","2025-09-18","2"
"130","46","7","2024-04-04","1"
"131","60","27","2024-09-28","4"
"132","16","33","2023-12-31","8"
"133","358","6","2023-04-06","1"
"134","116","1","2024-01-01","6"
"135","90","10","2025-01-06","8"
"136","319","44","2023-04-30","10"
"137","227","11","2023-04-15","6"
"138","363","11","2024-05-23","1"
"139","371","33","2024-04-03","4"
"140","4","32","2025-06-13","9"
"141","159","40","2023-02-17","10"
"142","338","14","2023-05-15","7"
"143","376","38","2025-08-12","5"
"144","223","45","2025-08-25","8"
"145","304","44","2025-10-22","3"
"146","272","19","2023-02-14","8"
"147","74","39","2025-06-05","4"
"148","280","16","2024-10-26","10"
"149","446","26","2025-07-26","3"
"150","47","7","2025-02-28","7"
"151","430","33","2025-03-16","9"
"152","463","9","2024-11-25","3"
"153","428","44","2023-06-29","8"
"154","382","12","2025-05-03","4"
"155","397","29","2025-06-06","5"
"156","272","30","2023-06-23","5"
"157","180","19","2025-06-09","5"
"158","17","5","2024-12-02","1"
"159","204","21","2024-10-24","1"
"160","55","37","2025-11-20","10"
"161","173","34","2024-09-26","5"
"162","304","21","2025-01-08","8"
"163","411","22","2023-04-13","6"
"164","136","11","2023-09-13","4"
"165","137","31","2023-04-27","9"
"166","364","47","2024-12-18","4"
"167","347","19","2024-11-06","3"
"168","1","31","2023-05-17","3"
"169","439","23","2024-02-10","2"
"170","169","25","2024-01-14","6"
"171","496","41","2024-09-22","7"
"172","133","22","2024-09-22","5"
"173","295","9","2025-01-28","8"
"174","445","20","2025-03-29","7"
"175","170","24","2024-12-27","10"
"176","167","25","2023-04-11","3"
"177","88","32","2024-03-15","3"
"178","442","4","2023-10-09","6"
"179","108","11","2024-01-14","9"
"180","163","24","2025-02-24","9"
"181","114","44","2024-08-18","9"
"182","15","22","2024-12-26","9"
"183","162","31","2023-07-25","10"
"184","103","11","2024-06-27","1"
"185","27","40","2025-05-21","7"
"186","28","46","2025-03-24","9"
"187","82","23","2025-02-14","7"
"188","24","24","2023-10-24","5"
"189","305","2","2024-03-24","8"
"190","194","43","2025-07-18","8"
"191","293","6","2023-04-19","2"
"192","478","49","2024-08-17","9"
"193","354","35","2025-06-23","1"
"194","438","32","2023-08-24","4"
"195","194","9","2025-08-22","4"
"196","169","5","2025-09-09","3"
"197","408","14","2024-09-07","2"
"198","217","21","2023-08-30","9"
"199","490","25","2022-12-17","8"
"200","58","44","2024-12-05","5"
"201","251","31","2023-10-27","2"
"202","93","18","2023-01-02","4"
"203","14","30","2023-12-27","1"
"204","456","5","2024-09-13","6"
"205","362","26","2025-09-05","4"
"206","216","32","2025-05-02","6"
"207","174","20","2023-11-03","7"
"208","379","20","2024-01-09","7"
"209","82","21","2023-07-01","8"
"210","282","10","2023-05-31","5"
"211","364","30","2025-07-06","2"
"212","162","17","2023-11-09","6"
"213","271","22","2024-07-15","8"
"214","300","19","2025-02-11","7"
"215","15","32","2025-05-20","2"
"216","496","21","2023-03-16","5"
"217","111","14","2023-10-22","10"
"218","400","20","2025-11-15","10"
"219","176","39","2023-11-23","6"
"220","44","13","2024-11-27","6"
"221","380","44","2024-05-25","10"
"222","319","25","2025-01-27","7"
"223","54","39","2024-02-29","1"
"224","193","35","2025-03-17","2"
"225","296","13","2023-12-11","1"
"226","487","27","2024-08-04","7"
"227","274","14","2023-03-31","10"
"228","362","42","2024-11-13","1"
"229","469","24","2023-09-04","7"
"230","32","34","2025-12-13","3"
"231","156","38","2024-09-04","7"
"232","257","13","2024-08-29","8"
"233","244","16","2025-09-01","8"
"234","478","35","2024-08-16","9"
"235","420","16","2024-12-26","9"
"236","214","34","2023-02-04","6"
"237","419","3","2023-06-30","7"
"238","53","4","2024-07-16","3"
"239","394","9","2024-02-29","8"
"240","260","41","2023-07-29","10"
"241","349","49","2023-12-18","7"
"242","159","45","2024-10-20","5"
"243","296","6","2025-11-28","10"
"244","108","44","2025-01-11","5"
"245","464","38","2024-05-23","1"
"246","487","15","2025-02-27","10"
"247","158","26","2023-01-01","8"
"248","60","26","2024-07-11","3"
"249","468","18","2025-08-21","6"
"250","327","26","2024-04-06","10"
"251","37","39","2024-12-04","2"
"252","140","19","2023-04-17","1"
"253","71","15","2025-05-27","8"
"254","358","22","2023-04-25","1"
"255","100","18","2025-08-14","4"
"256","461","18","2022-12-16","3"
"257","113","49","2024-06-30","5"
"258","404","9","2023-03-24","5"
"259","417","43","2025-10-06","3"
"260","492","18","2025-03-13","4"
"261","363","47","2023-05-19","6"
"262","17","10","2024-09-30","6"
"263","110","39","2024-09-28","10"
"264","181","34","2023-05-29","10"
"265","380","24","2025-03-30","8"
"266","71","41","2024-09-26","4"
"267","91","11","2023-06-01","4"
"268","34","7","2024-12-29","1"
"269","274","34","2024-09-14","2"
"270","374","49","2023-07-16","9"
"271","476","26","2023-09-12","10"
"272","150","8","2025-10-06","8"
"273","196","20","2023-08-09","10"
"274","436","30","2023-04-17","5"
"275","273","25","2023-01-28","9"
"276","91","4","2023-09-20","8"
"277","140","40","2024-05-09","9"
"278","342","5","2023-02-17","4"
"279","88","4","2025-12-11","3"
"280","266","50","2023-08-10","8"
"281","239","18","2025-03-27","8"
"282","498","29","2024-07-09","5"
"283","399","8","2023-11-16","6"
"284","113","19","2024-05-12","8"
"285","45","11","2024-01-10","3"
"286","3","46","2023-12-08","1"
"287","281","5","2025-05-10","10"
"288","453","4","2024-12-24","7"
"289","334","26","2025-11-17","4"
"290","421","7","2024-05-20","6"
"291","155","41","2023-04-20","3"
"292","238","38","2023-02-13","2"
"293","457","5","2023-09-08","3"
"294","35","43","2024-10-10","7"
"295","17","37","2024-06-14","2"
"296","499","10","2025-07-23","1"
"297","66","13","2023-12-01","8"
"298","105","10","2025-01-18","6"
"299","395","22","2024-05-03","2"
"300","395","42","2024-05-03","7"
"301","131","47","2023-11-22","10"
"302","377","25","2025-09-14","3"
"303","375","25","2025-05-11","3"
"304","436","49","2023-05-27","7"
"305","113","40","2024-05-14","6"
"306","396","39","2024-09-24","5"
"307","27","23","2024-12-07","1"
"308","325","23","2022-12-27","8"
"309","177","50","2024-08-28","5"
"310","500","40","2024-09-18","1"
"311","97","14","2023-09-20","1"
"312","217","41","2024-02-25","10"
"313","154","32","2023-12-21","7"
"314","216","35","2024-07-10","4"
"315","142","11","2023-02-26","1"
"316","364","49","2024-08-04","1"
"317","417","42","2023-03-02","6"
"318","166","30","2025-03-12","6"
"319","473","42","2024-04-16","5"
"320","457","47","2025-09-28","1"
"321","171","8","2025-03-09","3"
"322","477","24","2023-04-28","5"
"323","437","15","2025-03-21","3"
"324","235","25","2025-08-29","8"
"325","496","50","2023-11-15","1"
"326","435","25","2023-11-09","9"
"327","239","8","2023-11-14","9"
"328","455","32","2024-10-30","4"
"329","46","14","2025-12-01","9"
"330","470","25","2023-02-07","1"
"331","268","35","2024-06-11","9"
"332","475","11","2024-01-13","9"
"333","438","50","2024-01-10","10"
"334","143","43","2025-11-04","9"
"335","196","1","2025-08-31","5"
"336","412","29","2025-03-12","8"
"337","353","28","2024-09-03","4"
"338","54","31","2024-07-13","2"
"339","409","6","2023-12-07","10"
"340","382","22","2023-03-03","6"
"341","260","2","2024-09-04","7"
"342","218","48","2025-09-13","4"
"343","231","21","2025-05-24","3"
"344","475","2","2024-04-14","3"
"345","372","22","2023-07-07","5"
"346","78","35","2023-12-21","8"
"347","352","34","2025-07-20","2"
"348","402","21","2025-07-25","1"
"349","221","5","2024-07-03","10"
"350","461","12","2024-03-09","8"
"351","249","45","2024-08-04","1"
"352","128","13","2025-04-16","5"
"353","452","38","2024-11-12","3"
"354","37","34","2023-06-20","7"
"355","287","1","2024-02-21","7"
"356","174","29","2024-10-13","10"
"357","124","47","2025-06-17","2"
"358","144","15","2024-11-08","3"
"359","334","32","2024-01-16","1"
"360","255","22","2024-06-05","5"
"361","392","43","2022-12-27","9"
"362","198","10","2025-12-03","10"
"363","31","25","2025-10-13","10"
"364","364","37","2025-01-11","3"
"365","384","45","2023-03-07","6"
"366","116","36","2023-07-16","2"
"367","458","17","2022-12-29","5"
"368","296","50","2023-06-13","2"
"369","460","37","2025-02-06","9"
"370","223","38","2025-10-27","9"
"371","316","48","2025-04-04","10"
"372","45","45","2025-02-17","4"
"373","202","3","2023-01-24","2"
"374","491","14","2024-04-06","10"
"375","236","14","2023-05-07","2"
"376","175","19","2023-03-30","7"
"377","346","30","2024-06-09","4"
"378","344","43","2024-05-18","5"
"379","21","8","2024-09-23","1"
"380","314","9","2025-01-30","6"
"381","236","25","2023-11-20","1"
"382","28","7","2025-04-04","10"
"383","198","40","2025-10-14","7"
"384","460","3","2023-11-06","3"
"385","305","31","2025-06-06","7"
"386","399","9","2025-11-04","7"
"387","352","47","2025-05-20","8"
"388","370","29","2023-02-01","6"
"389","309","8","2022-12-23","3"
"390","263","32","2024-12-19","2"
"391","460","22","2025-02-25","9"
"392","384","10","2025-10-16","7"
"393","140","18","2024-08-17","10"
"394","187","35","2025-03-23","10"
"395","320","39","2024-02-29","10"
"396","100","45","2023-12-14","9"
"397","20","34","2024-07-28","8"
"398","223","13","2023-03-30","6"
"399","349","21","2024-11-25","6"
"400","301","40","2025-03-13","9"
"401","291","27","2025-11-27","10"
"402","171","29","2024-03-18","5"
"403","15","36","2024-01-29","3"
"404","428","42","2025-09-08","9"
"405","485","26","2024-07-24","8"
"406","211","13","2023-05-22","1"
"407","162","5","2023-09-08","5"
"408","419","14","2024-02-12","4"
"409","162","18","2024-01-26","4"
"410","499","3","2023-01-28","9"
"411","453","24","2023-06-30","6"
"412","362","33","2025-02-26","5"
"413","369","8","2024-12-06","5"
"414","77","49","2024-02-05","6"
"415","212","41","2025-12-08","6"
"416","55","3","2025-08-08","4"
"417","452","23","2025-02-04","6"
"418","24","22","2023-11-26","1"
"419","310","17","2023-09-18","6"
"420","321","48","2024-11-14","4"
"421","41","49","2025-01-21","3"
"422","326","22","2024-02-21","3"
"423","259","8","2023-05-03","5"
"424","202","26","2024-12-24","8"
"425","386","43","2023-02-10","5"
"426","379","37","2024-03-28","1"
"427","27","45","2025-07-26","8"
"428","78","17","2025-08-30","8"
"429","43","22","2024-11-30","1"
"430","445","13","2023-12-02","5"
"431","320","46","2023-06-30","9"
"432","363","27","2025-07-04","1"
"433","246","34","2025-09-04","2"
"434","423","30","2025-06-13","3"
"435","245","49","2023-09-15","8"
"436","490","26","2024-10-06","9"
"437","424","3","2023-03-31","10"
"438","405","33","2024-03-07","2"
"439","272","30","2024-04-14","5"
"440","245","48","2024-11-01","5"
"441","446","19","2025-11-13","3"
"442","163","35","2024-08-03","8"
"443","233","5","2024-01-05","7"
"444","487","33","2024-02-10","4"
"445","145","5","2023-10-21","2"
"446","297","19","2023-09-27","2"
"447","241","4","2023-06-07","5"
"448","176","49","2023-12-26","5"
"449","88","27","2024-06-13","4"
"450","86","1","2024-03-20","6"
"451","291","30","2024-04-03","2"
"452","134","2","2024-12-02","9"
"453","63","38","2025-01-25","9"
"454","77","26","2025-04-03","10"
"455","430","23","2025-10-28","4"
"456","434","21","2025-04-19","2"
"457","14","17","2024-10-31","3"
"458","52","12","2023-09-18","6"
"459","398","20","2025-04-08","7"
"460","178","24","2022-12-25","6"
"461","300","14","2023-12-14","6"
"462","92","37","2025-07-27","9"
"463","116","7","2023-06-16","7"
"464","465","48","2025-06-03","8"
"465","199","43","2024-06-13","1"
"466","173","25","2024-12-15","9"
"467","410","38","2023-09-08","10"
"468","449","20","2024-01-20","4"
"469","252","17","2024-03-10","6"
"470","376","44","2024-10-13","6"
"471","164","23","2025-12-06","10"
"472","44","46","2025-03-12","10"
"473","299","13","2024-11-03","4"
"474","234","5","2025-09-14","3"
"475","144","12","2025-10-16","3"
"476","85","4","2025-06-07","5"
"477","15","19","2023-07-06","4"
"478","134","46","2024-06-10","3"
"479","315","3","2025-01-31","7"
"480","296","11","2025-07-18","7"
"481","225","36","2023-05-20","4"
"482","23","29","2023-09-01","10"
"483","21","7","2024-11-11","2"
"484","54","34","2025-11-26","2"
"485","151","14","2023-03-06","5"
"486","135","2","2023-03-09","9"
"487","254","41","2023-01-17","8"
"488","78","16","2023-03-17","4"
"489","184","3","2025-05-27","10"
"490","462","9","2025-06-02","4"
"491","315","48","2025-10-13","5"
"492","265","6","2023-08-10","6"
"493","203","29","2024-08-04","3"
"494","385","14","2024-04-15","5"
"495","104","25","2024-03-22","8"
"496","255","19","2025-08-12","4"
"497","253","42","2024-10-29","7"
"498","432","21","2024-07-31","4"
"499","303","25","2024-04-21","9"
"500","78","40","2023-10-12","2"
"501","49","2","2023-03-30","8"
"502","206","14","2023-10-05","3"
"503","98","25","2025-08-23","6"
"504","369","21","2024-12-14","7"
"505","173","19","2024-06-19","7"
"506","453","6","2025-01-16","1"
"507","71","47","2024-04-11","7"
"508","262","5","2023-11-26","2"
"509","479","41","2023-11-02","9"
"510","94","45","2025-02-11","9"
"511","450","30","2023-07-15","2"
"512","57","2","2023-08-10","6"
"513","61","4","2024-06-21","7"
"514","259","28","2022-12-25","9"
"515","181","23","2025-10-19","9"
"516","306","6","2023-01-21","8"
"517","130","33","2024-05-31","5"
"518","314","33","2024-03-06","3"
"519","263","46","2025-02-26","10"
"520","499","22","2024-01-14","6"
"521","389","13","2025-12-12","1"
"522","452","31","2025-08-24","6"
"523","84","18","2023-08-27","10"
"524","177","5","2023-10-03","2"
"525","52","27","2023-09-20","4"
"526","348","3","2023-09-14","7"
"527","111","1","2023-08-08","2"
"528","315","8","2023-02-06","8"
"529","169","47","2024-12-06","9"
"530","388","18","2025-11-07","8"
"531","235","47","2024-10-15","6"
"532","42","14","2023-10-06","7"
"533","306","46","2024-10-23","3"
"534","216","22","2024-05-31","2"
"535","377","5","2025-02-21","5"
"536","313","46","2024-10-17","9"
"537","52","7","2023-08-03","9"
"538","329","29","2024-08-28","4"
"539","346","31","2023-10-05","2"
"540","221","13","2025-10-18","10"
"541","98","33","2025-03-21","5"
"542","385","25","2025-09-30","10"
"543","228","12","2024-02-02","8"
"544","481","50","2025-02-28","7"
"545","385","26","2023-10-24","9"
"546","313","21","2023-05-10","6"
"547","267","44","2025-03-17","1"
"548","449","39","2024-10-08","3"
"549","396","14","2024-06-06","7"
"550","47","41","2025-09-21","9"
"551","84","20","2024-02-06","3"
"552","247","37","2024-03-31","10"
"553","307","8","2022-12-26","2"
"554","113","9","2025-05-27","2"
"555","394","48","2023-08-09","6"
"556","74","19","2024-04-07","3"
"557","429","15","2025-06-25","7"
"558","274","21","2025-11-04","10"
"559","279","37","2025-08-03","1"
"560","240","29","2023-09-01","6"
"561","24","34","2023-11-29","8"
"562","255","49","2025-06-24","2"
"563","219","40","2023-03-24","3"
"564","292","27","2023-02-01","10"
"565","291","36","2023-01-09","7"
"566","16","34","2025-09-10","5"
"567","142","13","2023-09-13","10"
"568","273","49","2023-09-05","1"
"569","382","27","2022-12-30","2"
"570","107","1","2025-05-29","6"
"571","142","22","2023-11-16","8"
"572","212","34","2025-10-30","6"
"573","222","14","2023-12-22","9"
"574","218","6","2024-05-24","3"
"575","360","41","2025-01-22","2"
"576","496","39","2025-11-16","8"
"577","209","1","2023-02-24","6"
"578","48","37","2025-11-06","1"
"579","311","45","2025-04-14","8"
"580","238","22","2023-11-25","8"
"581","17","44","2024-11-23","4"
"582","19","27","2025-01-21","4"
"583","230","25","2023-08-27","8"
"584","484","18","2024-11-16","7"
"585","462","28","2023-04-26","9"
"586","306","22","2023-08-04","8"
"587","261","13","2023-12-23","7"
"588","210","5","2024-03-31","5"
"589","415","3","2025-10-13","6"
"590","303","21","2025-10-31","10"
"591","394","34","2025-05-25","1"
"592","9","2","2024-01-10","10"
"593","168","19","2024-02-16","4"
"594","340","26","2024-04-26","4"
"595","77","37","2023-10-02","3"
"596","139","4","2024-09-25","4"
"597","179","6","2025-11-17","9"
"598","391","12","2023-10-02","4"
"599","385","39","2024-11-22","6"
"600","438","3","2024-12-13","4"
"601","284","47","2023-05-16","1"
"602","497","7","2024-12-26","5"
"603","269","6","2023-03-23","10"
"604","335","32","2025-02-27","3"
"605","345","14","2023-06-19","7"
"606","340","6","2024-09-16","2"
"607","446","11","2025-02-13","9"
"608","376","7","2023-04-11","3"
"609","488","4","2024-06-12","3"
"610","6","14","2023-03-08","4"
"611","372","41","2023-01-23","3"
"612","300","18","2024-07-22","5"
"613","487","43","2023-02-20","8"
"614","281","50","2024-08-08","10"
"615","129","1","2024-02-05","3"
"616","194","10","2024-07-15","3"
"617","428","13","2023-10-20","6"
"618","377","20","2023-06-26","7"
"619","4","16","2024-11-23","4"
"620","280","45","2025-05-25","5"
"621","420","29","2023-06-21","7"
"622","101","23","2023-09-26","4"
"623","328","34","2024-01-23","6"
"624","299","47","2023-06-20","3"
"625","342","34","2024-05-19","7"
"626","23","23","2024-04-10","1"
"627","151","9","2024-01-26","3"
"628","235","6","2024-12-18","3"
"629","265","38","2024-05-24","9"
"630","445","31","2023-09-22","5"
"631","145","41","2023-05-04","6"
"632","441","45","2025-06-16","1"
"633","97","33","2024-08-11","8"
"634","198","14","2025-03-27","5"
"635","472","45","2023-10-01","1"
"636","483","8","2023-06-18","3"
"637","105","5","2025-01-04","1"
"638","395","4","2025-11-30","2"
"639","368","23","2023-04-05","8"
"640","147","29","2025-11-06","6"
"641","152","6","2025-08-20","10"
"642","479","48","2025-03-08","4"
"643","378","25","2025-03-21","5"
"644","89","10","2024-11-03","9"
"645","389","47","2025-09-13","7"
"646","141","18","2024-03-29","4"
"647","110","32","2022-12-30","8"
"648","97","27","2023-03-21","5"
"649","222","1","2025-03-22","7"
"650","162","17","2024-02-17","4"
"651","59","50","2024-10-01","9"
"652","413","46","2023-02-16","8"
"653","467","21","2024-06-17","6"
"654","436","14","2023-07-26","2"
"655","68","22","2022-12-17","3"
"656","381","6","2025-09-20","3"
"657","83","5","2024-06-24","6"
"658","399","35","2023-02-01","3"
"659","305","30","2025-04-22","2"
"660","436","8","2023-11-23","8"
"661","421","49","2025-04-08","8"
"662","207","25","2025-09-01","1"
"663","350","33","2025-08-17","8"
"664","4","9","2025-05-07","5"
"665","245","29","2025-09-09","2"
"666","112","1","2025-09-16","9"
"667","104","46","2023-04-06","3"
"668","271","36","2024-06-09","2"
"669","282","34","2023-12-29","7"
"670","166","39","2025-04-28","5"
"671","98","47","2023-02-08","4"
"672","275","38","2023-02-07","5"
"673","493","39","2025-03-24","1"
"674","340","25","2024-01-21","7"
"675","64","16","2025-03-30","4"
"676","105","7","2024-07-12","1"
"677","469","45","2025-02-27","5"
"678","363","40","2025-04-01","7"
"679","412","33","2024-04-06","9"
"680","406","14","2023-11-23","3"
"681","343","26","2025-07-28","4"
"682","442","39","2025-10-28","3"
"683","4","17","2024-01-28","2"
"684","102","46","2025-04-08","5"
"685","30","46","2023-10-15","4"
"686","477","41","2023-12-30","4"
"687","317","46","2025-07-19","10"
"688","43","18","2025-10-16","10"
"689","340","29","2023-07-26","3"
"690","89","4","2023-09-01","5"
"691","58","33","2024-03-10","2"
"692","159","24","2025-02-23","2"
"693","472","34","2025-07-06","5"
"694","176","34","2023-10-24","1"
"695","167","28","2024-11-03","4"
"696","299","50","2024-11-25","3"
"697","204","44","2023-01-17","6"
"698","433","47","2025-05-03","5"
"699","30","11","2024-01-06","7"
"700","326","42","2024-03-16","1"
"701","226","32","2025-07-08","8"
"702","434","28","2023-01-21","9"
"703","342","32","2023-09-04","2"
"704","141","50","2023-01-09","6"
"705","364","3","2023-12-29","1"
"706","160","21","2023-11-09","9"
"707","98","6","2024-04-10","1"
"708","201","20","2025-11-05","2"
"709","283","36","2023-12-12","5"
"710","273","2","2025-05-01","5"
"711","3","18","2025-11-09","6"
"712","483","48","2025-10-30","4"
"713","204","49","2023-08-09","2"
"714","203","12","2024-02-21","3"
"715","499","21","2023-01-15","5"
"716","236","27","2024-09-16","2"
"717","378","15","2025-01-07","4"
"718","395","28","2023-04-30","9"
"719","264","40","2025-02-19","2"
"720","137","14","2023-01-21","2"
"721","310","42","2024-02-01","4"
"722","98","21","2025-12-11","9"
"723","197","11","2024-04-15","7"
"724","149","16","2024-03-24","9"
"725","42","48","2023-04-13","8"
"726","494","42","2024-11-03","6"
"727","191","50","2024-09-02","2"
"728","385","33","2024-11-27","1"
"729","37","50","2024-08-11","5"
"730","69","45","2023-05-30","2"
"731","353","50","2025-10-10","5"
"732","402","8","2023-03-03","8"
"733","108","38","2023-12-18","9"
"734","349","40","2024-03-29","2"
"735","239","44","2024-04-07","8"
"736","93","24","2023-03-04","4"
"737","17","13","2024-07-12","10"
"738","125","21","2023-04-12","4"
"739","262","22","2023-06-15","5"
"740","297","31","2025-10-03","7"
"741","179","14","2023-05-09","10"
"742","172","12","2025-03-15","10"
"743","187","17","2023-04-06","1"
"744","195","6","2024-02-27","1"
"745","247","23","2024-11-09","6"
"746","206","39","2025-08-21","6"
"747","277","8","2024-09-16","3"
"748","341","2","2023-04-05","10"
"749","369","16","2024-08-25","6"
"750","481","43","2025-11-23","8"
"751","123","37","2025-07-17","3"
"752","168","7","2024-08-08","4"
"753","178","7","2025-09-17","10"
"754","33","26","2024-03-19","5"
"755","72","49","2023-09-29","8"
"756","9","28","2023-07-09","5"
"757","76","38","2023-07-03","2"
"758","247","41","2025-06-26","4"
"759","228","41","2023-12-12","4"
"760","196","39","2025-07-09","8"
"761","48","4","2023-07-14","6"
"762","36","31","2025-05-29","2"
"763","118","3","2023-12-26","10"
"764","368","7","2023-07-19","6"
"765","426","25","2024-06-13","4"
"766","241","27","2023-12-19","5"
"767","255","42","2023-07-09","7"
"768","161","15","2025-11-01","3"
"769","277","9","2023-07-31","2"
"770","294","15","2024-11-01","10"
"771","249","32","2023-12-25","5"
"772","430","18","2025-04-25","4"
"773","126","21","2023-03-17","3"
"774","70","37","2025-06-12","6"
"775","310","32","2025-09-23","2"
"776","99","26","2025-01-29","8"
"777","214","19","2024-02-17","6"
"778","156","32","2024-08-06","7"
"779","292","34","2024-09-24","1"
"780","277","44","2023-09-28","10"
"781","85","18","2023-01-26","5"
"782","143","35","2023-02-18","8"
"783","49","46","2024-06-26","10"
"784","25","1","2025-02-10","9"
"785","498","42","2025-06-17","5"
"786","93","16","2025-05-20","6"
"787","69","8","2023-12-04","10"
"788","398","11","2024-11-11","9"
"789","417","27","2024-09-14","8"
"790","316","13","2025-12-02","5"
"791","176","7","2024-06-27","10"
"792","264","26","2025-11-06","10"
"793","229","21","2023-09-17","6"
"794","286","43","2025-09-23","2"
"795","390","45","2024-01-29","9"
"796","393","31","2025-01-15","3"
"797","454","38","2024-02-29","6"
"798","154","49","2024-08-19","6"
"799","315","45","2025-07-23","9"
"800","35","42","2023-08-31","2"
"801","253","11","2023-03-12","6"
"802","143","4","2023-07-18","8"
"803","203","15","2023-01-29","9"
"804","209","38","2025-07-02","9"
"805","261","43","2025-01-04","2"
"806","329","49","2023-03-31","6"
"807","7","35","2023-11-23","7"
"808","42","21","2023-04-17","4"
"809","81","1","2023-03-22","6"
"810","374","29","2024-08-17","7"
"811","260","24","2025-03-08","9"
"812","300","37","2025-03-29","9"
"813","498","16","2025-09-16","9"
"814","52","11","2025-07-08","2"
"815","433","32","2023-04-19","9"
"816","171","1","2025-06-04","10"
"817","262","4","2025-05-12","10"
"818","340","27","2023-07-27","6"
"819","343","23","2024-11-23","7"
"820","425","5","2025-12-05","7"
"821","192","31","2025-04-01","1"
"822","231","22","2024-09-19","1"
"823","412","22","2023-05-31","7"
"824","189","43","2023-02-16","2"
"825","288","29","2023-07-18","4"
"826","467","20","2025-06-04","8"
"827","267","45","2023-06-29","8"
"828","71","5","2024-04-25","2"
"829","259","13","2024-11-09","6"
"830","220","12","2023-08-20","6"
"831","92","4","2024-08-31","4"
"832","275","6","2025-03-14","2"
"833","63","7","2024-01-18","10"
"834","346","11","2024-02-27","10"
"835","78","39","2024-01-25","7"
"836","387","19","2024-03-17","3"
"837","341","46","2024-08-30","4"
"838","62","47","2024-08-31","10"
"839","283","50","2025-05-19","5"
"840","229","38","2025-01-04","10"
"841","232","50","2024-04-01","6"
"842","465","8","2025-06-05","5"
"843","494","46","2025-04-09","4"
"844","46","20","2025-04-20","5"
"845","246","35","2025-10-07","5"
"846","1","31","2023-01-08","5"
"847","17","34","2025-11-05","5"
"848","395","10","2023-03-12","4"
"849","90","21","2025-08-13","9"
"850","4","45","2025-05-06","2"
"851","103","30","2024-03-20","3"
"852","9","9","2023-06-10","1"
"853","252","8","2024-10-14","7"
"854","267","22","2025-12-13","7"
"855","171","2","2024-12-10","5"
"856","252","39","2023-06-26","6"
"857","406","36","2023-03-21","7"
"858","65","20","2025-05-08","3"
"859","78","42","2023-03-25","10"
"860","92","23","2023-08-31","4"
"861","217","42","2025-01-26","6"
"862","412","5","2023-05-02","7"
"863","364","40","2023-06-27","7"
"864","410","34","2025-10-22","3"
"865","16","37","2024-02-10","8"
"866","9","16","2025-03-19","9"
"867","62","14","2025-08-12","2"
"868","467","15","2024-04-03","9"
"869","267","29","2024-05-23","2"
"870","381","15","2024-04-18","9"
"871","20","16","2025-09-14","6"
"872","262","46","2023-10-27","10"
"873","202","12","2023-11-06","5"
"874","177","8","2023-12-31","2"
"875","385","36","2023-02-14","10"
"876","379","49","2022-12-24","6"
"877","245","48","2025-03-29","4"
"878","457","10","2025-06-26","7"
"879","284","44","2023-11-13","4"
"880","53","28","2024-10-21","2"
"881","8","13","2024-05-06","5"
"882","9","48","2025-01-29","4"
"883","73","43","2025-04-07","10"
"884","401","44","2025-12-06","6"
"885","294","23","2024-05-14","3"
"886","83","12","2025-08-10","4"
"887","257","10","2023-06-20","4"
"888","283","9","2024-09-03","10"
"889","382","41","2024-01-08","8"
"890","16","43","2023-05-17","4"
"891","449","30","2025-01-19","9"
"892","290","29","2023-05-02","9"
"893","245","40","2024-01-30","2"
"894","106","29","2025-06-09","10"
"895","233","50","2024-10-28","8"
"896","209","40","2023-09-28","8"
"897","404","8","2024-05-25","2"
"898","391","21","2023-09-16","5"
"899","85","30","2025-05-22","3"
"900","254","24","2024-08-10","1"
"901","103","33","2024-12-22","2"
"902","25","43","2022-12-23","2"
"903","479","22","2023-04-13","8"
"904","471","23","2024-03-28","2"
"905","425","12","2023-10-22","9"
"906","99","27","2025-08-07","7"
"907","316","10","2025-05-30","2"
"908","323","6","2023-05-16","8"
"909","320","17","2025-06-06","10"
"910","459","44","2023-01-26","10"
"911","143","12","2024-05-26","6"
"912","420","3","2023-08-25","10"
"913","422","9","2024-02-04","5"
"914","355","33","2024-06-07","5"
"915","485","24","2024-06-30","2"
"916","325","39","2023-10-11","7"
"917","261","35","2025-09-28","6"
"918","9","29","2023-07-27","2"
"919","245","38","2023-11-29","1"
"920","61","34","2024-05-03","9"
"921","439","40","2025-04-07","8"
"922","174","1","2024-11-26","6"
"923","145","36","2024-07-15","2"
"924","229","16","2024-11-28","10"
"925","53","26","2024-07-12","2"
"926","243","35","2023-06-14","6"
"927","455","26","2024-08-08","5"
"928","324","18","2025-01-28","6"
"929","248","8","2024-03-03","4"
"930","393","17","2024-08-22","10"
"931","374","9","2024-11-09","4"
"932","367","28","2023-10-29","1"
"933","232","6","2024-08-22","5"
"934","251","42","2025-11-10","8"
"935","248","49","2024-05-09","9"
"936","269","33","2025-04-08","9"
"937","261","23","2023-02-06","1"
"938","394","35","2023-09-29","2"
"939","164","13","2023-03-01","7"
"940","427","13","2024-09-10","6"
"941","477","18","2024-11-24","5"
"942","23","21","2023-07-26","5"
"943","224","50","2024-07-08","10"
"944","62","26","2022-12-20","7"
"945","152","7","2024-04-21","3"
"946","147","29","2025-08-31","10"
"947","316","28","2023-02-01","8"
"948","159","29","2024-11-10","8"
"949","179","29","2025-07-04","1"
"950","347","27","2023-11-12","2"
"951","465","10","2025-07-18","1"
"952","410","50","2023-02-21","4"
"953","176","3","2024-04-14","7"
"954","314","10","2024-06-01","10"
"955","333","16","2024-08-31","5"
"956","451","47","2025-10-26","2"
"957","422","9","2023-04-29","4"
"958","293","50","2025-11-02","8"
"959","454","24","2025-03-16","6"
"960","479","47","2024-07-24","5"
"961","228","20","2024-05-29","10"
"962","191","47","2024-01-28","5"
"963","483","49","2023-12-11","2"
"964","170","26","2025-07-06","2"
"965","256","45","2023-05-30","2"
"966","234","40","2023-06-30","9"
"967","277","35","2025-06-05","1"
"968","70","41","2025-11-19","5"
"969","106","22","2024-11-20","1"
"970","428","16","2024-01-24","4"
"971","468","5","2023-09-10","7"
"972","423","11","2024-11-17","7"
"973","54","50","2024-04-12","9"
"974","378","28","2025-12-03","10"
"975","487","19","2025-07-10","9"
"976","123","14","2024-01-18","4"
"977","403","45","2023-01-22","1"
"978","330","31","2025-05-25","2"
"979","488","29","2024-03-30","9"
"980","274","36","2024-08-08","4"
"981","191","48","2023-05-06","5"
"982","71","26","2023-05-22","1"
"983","342","21","2023-09-16","7"
"984","129","8","2023-02-02","3"
"985","244","27","2023-10-24","8"
"986","455","12","2025-08-30","4"
"987","296","12","2024-02-17","2"
"988","267","17","2025-09-17","10"
"989","80","33","2023-12-30","4"
"990","72","48","2023-05-27","2"
"991","487","9","2023-12-05","10"
"992","499","31","2024-07-01","1"
"993","207","46","2024-06-08","6"
"994","67","48","2023-08-18","5"
"995","364","40","2024-11-21","1"
"996","301","1","2023-06-01","7"
"997","252","41","2024-11-12","9"
"998","174","20","2024-12-19","7"
"999","353","41","2025-03-01","4"
"1000","14","23","2023-04-15","6"
"1001","5","44","2023-12-21","6"
"1002","414","21","2024-10-29","2"
"1003","101","24","2023-12-31","1"
"1004","20","4","2025-09-13","2"
"1005","379","35","2024-08-12","4"
"1006","53","6","2022-12-31","10"
"1007","76","33","2023-06-20","4"
"1008","228","36","2024-10-02","8"
"1009","468","37","2025-08-28","6"
"1010","130","16","2025-01-10","9"
"1011","438","8","2024-04-04","6"
"1012","7","31","2024-11-14","7"
"1013","107","7","2024-02-11","4"
"1014","27","29","2025-08-23","1"
"1015","21","31","2024-11-26","1"
"1016","358","33","2023-09-01","3"
"1017","220","10","2025-11-29","1"
"1018","98","25","2024-04-06","10"
"1019","491","28","2025-08-29","1"
"1020","181","17","2024-09-04","9"
"1021","226","48","2023-01-04","6"
"1022","309","4","2023-04-14","8"
"1023","252","31","2023-01-23","4"
"1024","256","44","2023-06-09","1"
"1025","359","23","2023-02-04","10"
"1026","474","2","2024-12-03","7"
"1027","164","27","2025-08-06","9"
"1028","271","37","2025-04-26","10"
"1029","362","46","2023-08-18","5"
"1030","346","39","2024-09-22","6"
"1031","425","35","2023-06-23","6"
"1032","70","34","2025-02-13","1"
"1033","163","40","2024-06-09","1"
"1034","207","12","2023-10-13","10"
"1035","268","49","2025-10-27","10"
"1036","462","23","2022-12-25","9"
"1037","407","41","2023-04-14","7"
"1038","479","40","2025-11-17","6"
"1039","479","25","2024-11-27","1"
"1040","187","12","2024-12-04","6"
"1041","463","36","2023-10-05","7"
"1042","67","21","2023-07-28","1"
"1043","21","13","2025-06-23","3"
"1044","431","26","2023-09-05","10"
"1045","66","22","2023-03-25","6"
"1046","339","7","2024-06-11","6"
"1047","43","42","2025-04-07","6"
"1048","174","47","2025-10-30","5"
"1049","334","36","2023-09-13","1"
"1050","279","44","2025-09-04","7"
"1051","44","28","2024-03-08","1"
"1052","432","18","2023-07-19","2"
"1053","308","3","2024-04-01","8"
"1054","392","25","2023-09-26","5"
"1055","421","19","2025-02-19","1"
"1056","263","2","2023-11-12","4"
"1057","143","45","2025-08-30","5"
"1058","43","44","2024-01-24","5"
"1059","97","33","2024-08-17","10"
"1060","250","12","2023-03-17","10"
"1061","471","38","2025-09-03","4"
"1062","441","8","2024-10-23","10"
"1063","107","10","2024-06-09","6"
"1064","290","18","2024-12-22","10"
"1065","20","38","2023-04-07","4"
"1066","489","49","2025-04-24","4"
"1067","108","46","2024-04-10","4"
"1068","119","46","2024-04-02","4"
"1069","107","49","2023-11-24","3"
"1070","492","47","2025-04-02","4"
"1071","200","41","2024-07-23","1"
"1072","72","29","2025-02-16","7"
"1073","198","31","2023-03-31","6"
"1074","182","36","2024-03-15","3"
"1075","383","28","2024-10-02","8"
"1076","490","48","2023-02-15","5"
"1077","17","13","2025-04-25","4"
"1078","146","15","2023-05-20","1"
"1079","341","26","2025-09-24","9"
"1080","169","22","2025-09-03","5"
"1081","307","31","2024-07-05","8"
"1082","428","3","2023-07-15","6"
"1083","154","28","2025-05-14","1"
"1084","38","25","2025-06-29","3"
"1085","399","26","2023-01-16","10"
"1086","82","7","2023-09-22","3"
"1087","220","25","2024-02-09","1"
"1088","84","31","2023-10-04","5"
"1089","346","1","2024-07-11","6"
"1090","420","10","2025-05-26","5"
"1091","64","47","2023-08-08","3"
"1092","202","13","2023-02-04","5"
"1093","137","6","2025-02-18","1"
"1094","97","33","2024-09-23","4"
"1095","345","4","2023-05-21","9"
"1096","164","48","2024-02-04","5"
"1097","279","20","2024-06-05","8"
"1098","144","33","2024-07-25","8"
"1099","37","8","2024-12-20","6"
"1100","498","50","2025-08-24","1"
"1101","374","50","2024-04-18","2"
"1102","122","19","2024-11-05","10"
"1103","94","36","2025-03-31","7"
"1104","224","38","2024-08-05","8"
"1105","219","23","2023-04-29","2"
"1106","410","12","2025-10-22","1"
"1107","159","38","2023-09-23","6"
"1108","451","16","2023-06-18","5"
"1109","318","49","2024-01-04","3"
"1110","370","46","2025-07-08","6"
"1111","437","36","2024-05-21","4"
"1112","93","43","2025-08-16","3"
"1113","370","14","2025-07-22","4"
"1114","264","26","2024-09-14","9"
"1115","395","14","2024-04-10","4"
"1116","237","28","2025-03-03","7"
"1117","197","27","2025-06-05","4"
"1118","282","26","2024-09-19","9"
"1119","130","29","2023-12-03","10"
"1120","441","39","2022-12-25","7"
"1121","175","21","2023-09-10","4"
"1122","79","45","2024-06-09","9"
"1123","6","2","2023-09-17","9"
"1124","125","14","2025-05-27","2"
"1125","241","21","2025-04-14","7"
"1126","117","39","2023-06-01","9"
"1127","46","47","2025-06-08","10"
"1128","464","41","2023-05-28","9"
"1129","465","32","2025-02-15","9"
"1130","145","9","2023-01-22","3"
"1131","96","30","2023-08-08","9"
"1132","87","22","2023-08-12","8"
"1133","206","50","2024-06-11","6"
"1134","378","15","2025-01-10","9"
"1135","393","32","2025-07-13","2"
"1136","173","7","2024-06-01","8"
"1137","311","2","2023-12-16","4"
"1138","432","47","2024-06-15","4"
"1139","447","22","2024-10-15","5"
"1140","14","35","2023-04-18","4"
"1141","247","31","2025-02-02","7"
"1142","180","21","2025-10-20","7"
"1143","303","25","2023-05-27","5"
"1144","46","23","2025-05-04","9"
"1145","226","47","2024-04-19","7"
"1146","477","27","2023-12-17","1"
"1147","141","33","2024-08-26","3"
"1148","22","35","2023-11-02","9"
"1149","18","31","2023-01-17","2"
"1150","332","14","2024-09-21","3"
"1151","352","35","2023-08-12","1"
"1152","466","9","2023-01-05","2"
"1153","472","3","2023-03-12","10"
"1154","382","6","2023-07-05","7"
"1155","450","48","2024-03-13","1"
"1156","346","47","2024-10-30","8"
"1157","162","23","2024-01-24","3"
"1158","75","34","2023-09-07","10"
"1159","21","48","2024-05-08","3"
"1160","275","49","2023-02-08","4"
"1161","225","21","2023-06-27","2"
"1162","215","23","2023-04-17","7"
"1163","135","50","2024-03-08","10"
"1164","393","44","2025-04-22","8"
"1165","490","34","2025-12-09","8"
"1166","352","41","2024-02-26","4"
"1167","292","49","2025-08-03","9"
"1168","181","35","2023-01-14","5"
"1169","142","8","2025-01-30","9"
"1170","199","14","2023-10-17","3"
"1171","121","4","2024-07-23","2"
"1172","495","5","2025-09-19","5"
"1173","425","37","2024-04-23","2"
"1174","402","23","2023-06-28","3"
"1175","389","5","2023-02-07","3"
"1176","261","15","2025-11-26","9"
"1177","206","45","2025-11-18","9"
"1178","131","46","2024-05-31","6"
"1179","183","12","2024-08-12","7"
"1180","423","50","2025-03-09","9"
"1181","385","47","2023-06-16","8"
"1182","325","27","2024-10-26","4"
"1183","428","17","2025-07-31","3"
"1184","180","19","2024-07-18","4"
"1185","387","6","2024-12-05","2"
"1186","2","38","2023-12-11","7"
"1187","432","49","2024-05-02","2"
"1188","15","16","2025-10-29","4"
"1189","376","38","2025-03-02","5"
"1190","145","27","2023-01-07","5"
"1191","460","12","2024-06-25","5"
"1192","446","47","2023-12-17","8"
"1193","1","10","2023-09-30","7"
"1194","57","38","2023-10-01","6"
"1195","214","18","2023-02-27","3"
"1196","304","19","2023-12-17","7"
"1197","366","13","2023-04-04","8"
"1198","423","16","2024-11-30","1"
"1199","26","49","2025-06-14","2"
"1200","23","4","2024-04-14","7"
"1201","228","24","2023-11-01","1"
"1202","246","15","2025-04-28","9"
"1203","88","17","2025-07-13","4"
"1204","37","23","2025-03-10","5"
"1205","367","13","2024-01-08","6"
"1206","40","31","2023-03-16","5"
"1207","462","17","2024-10-08","6"
"1208","230","20","2023-03-16","3"
"1209","364","29","2024-07-19","4"
"1210","145","30","2023-08-30","3"
"1211","177","46","2023-02-27","3"
"1212","469","45","2023-12-08","3"
"1213","162","49","2024-08-22","9"
"1214","277","24","2023-10-11","3"
"1215","307","8","2024-11-30","6"
"1216","197","35","2025-03-29","1"
"1217","445","38","2023-09-15","9"
"1218","383","11","2023-01-15","3"
"1219","209","49","2024-06-24","4"
"1220","136","49","2024-10-28","8"
"1221","217","32","2024-06-12","1"
"1222","83","43","2025-05-08","9"
"1223","256","10","2024-09-14","1"
"1224","65","30","2023-09-08","7"
"1225","45","6","2024-07-10","9"
"1226","86","39","2023-06-05","5"
"1227","255","28","2025-01-24","10"
"1228","234","18","2023-05-10","9"
"1229","347","8","2025-07-09","9"
"1230","92","28","2024-05-12","2"
"1231","79","3","2023-07-31","8"
"1232","205","8","2024-04-22","8"
"1233","444","46","2024-08-09","5"
"1234","406","36","2024-08-10","2"
"1235","46","16","2025-12-06","4"
"1236","294","26","2025-06-09","5"
"1237","366","6","2024-12-31","8"
"1238","411","21","2024-03-26","3"
"1239","93","19","2024-03-22","5"
"1240","332","19","2023-07-31","1"
"1241","133","39","2024-03-31","9"
"1242","361","33","2024-11-06","2"
"1243","428","11","2023-10-19","2"
"1244","84","12","2024-01-09","7"
"1245","456","14","2023-09-18","6"
"1246","73","38","2024-08-24","9"
"1247","231","21","2025-10-26","1"
"1248","400","49","2023-09-20","5"
"1249","352","13","2025-05-25","3"
"1250","71","10","2024-04-14","10"
"1251","116","42","2023-06-08","1"
"1252","421","3","2025-07-11","10"
"1253","137","15","2024-12-10","5"
"1254","468","42","2023-09-23","2"
"1255","304","5","2025-04-02","4"
"1256","477","32","2024-09-26","4"
"1257","339","25","2025-11-30","4"
"1258","274","50","2025-08-14","4"
"1259","298","36","2025-02-16","10"
"1260","176","3","2024-10-13","4"
"1261","431","7","2024-01-21","7"
"1262","431","36","2025-08-12","7"
"1263","492","28","2025-11-24","9"
"1264","420","24","2023-02-09","5"
"1265","87","2","2023-10-01","8"
"1266","321","14","2025-07-18","8"
"1267","283","15","2024-04-13","8"
"1268","208","12","2025-08-12","10"
"1269","495","26","2023-02-13","9"
"1270","141","36","2024-06-29","2"
"1271","335","33","2024-01-29","2"
"1272","304","36","2023-02-28","5"
"1273","115","16","2024-09-20","7"
"1274","360","18","2023-05-05","7"
"1275","496","45","2025-09-25","4"
"1276","148","11","2025-09-12","9"
"1277","470","27","2025-09-16","6"
"1278","337","30","2024-11-06","5"
"1279","335","12","2025-05-24","3"
"1280","412","36","2023-01-27","1"
"1281","273","1","2023-12-01","1"
"1282","455","21","2023-02-13","5"
"1283","212","18","2025-05-13","5"
"1284","211","15","2024-09-11","4"
"1285","382","41","2024-09-11","3"
"1286","45","8","2025-09-20","4"
"1287","466","33","2023-05-12","3"
"1288","366","37","2023-04-15","4"
"1289","108","26","2023-07-24","1"
"1290","91","50","2025-10-24","3"
"1291","311","36","2023-09-21","8"
"1292","323","14","2023-11-09","9"
"1293","308","41","2023-08-14","1"
"1294","112","48","2024-12-08","4"
"1295","119","29","2025-06-22","2"
"1296","484","22","2025-01-28","2"
"1297","50","41","2024-01-23","2"
"1298","178","47","2023-10-11","9"
"1299","402","40","2025-09-06","1"
"1300","383","14","2024-09-16","3"
"1301","72","21","2023-02-16","2"
"1302","168","28","2023-02-06","6"
"1303","301","31","2025-04-18","1"
"1304","135","3","2024-04-26","7"
"1305","302","33","2024-10-01","3"
"1306","380","32","2023-05-04","3"
"1307","71","45","2024-02-09","7"
"1308","488","48","2023-02-17","8"
"1309","118","38","2023-01-12","9"
"1310","124","24","2025-08-20","4"
"1311","458","47","2023-03-12","5"
"1312","38","36","2023-12-10","7"
"1313","416","26","2023-03-16","6"
"1314","462","12","2023-01-20","4"
"1315","427","5","2023-12-10","7"
"1316","217","2","2024-03-30","7"
"1317","477","44","2024-10-20","6"
"1318","109","24","2025-03-03","9"
"1319","278","6","2025-09-06","3"
"1320","74","42","2025-08-30","7"
"1321","241","42","2023-09-25","2"
"1322","344","44","2024-06-13","3"
"1323","383","44","2023-02-28","5"
"1324","114","10","2023-08-16","2"
"1325","29","16","2024-02-05","3"
"1326","248","32","2025-01-18","1"
"1327","201","40","2025-05-10","5"
"1328","449","41","2025-12-01","5"
"1329","477","24","2023-06-26","8"
"1330","148","50","2023-05-29","1"
"1331","371","38","2024-03-30","1"
"1332","159","32","2025-11-29","8"
"1333","423","44","2023-09-28","5"
"1334","398","1","2024-11-15","3"
"1335","122","11","2024-02-04","6"
"1336","236","24","2024-02-17","1"
"1337","371","5","2023-09-01","5"
"1338","115","6","2023-06-30","2"
"1339","236","42","2023-10-21","4"
"1340","219","35","2025-09-24","6"
"1341","333","3","2025-05-23","7"
"1342","69","26","2025-07-09","4"
"1343","17","43","2025-01-01","7"
"1344","158","32","2024-03-16","8"
"1345","249","40","2025-05-02","7"
"1346","371","23","2024-07-24","5"
"1347","184","35","2025-11-25","6"
"1348","107","30","2025-09-12","1"
"1349","494","6","2025-06-10","10"
"1350","96","2","2024-08-15","7"
"1351","320","32","2024-03-27","2"
"1352","243","28","2023-12-05","10"
"1353","124","4","2024-02-10","5"
"1354","378","25","2024-12-05","10"
"1355","471","42","2024-03-16","4"
"1356","135","24","2023-10-18","7"
"1357","484","38","2023-05-21","8"
"1358","339","29","2023-06-30","2"
"1359","157","45","2024-02-23","2"
"1360","114","21","2023-09-10","10"
"1361","390","39","2024-08-14","7"
"1362","390","30","2025-07-27","2"
"1363","323","28","2023-04-24","5"
"1364","67","17","2024-10-18","2"
"1365","122","20","2024-09-01","2"
"1366","418","6","2025-08-05","4"
"1367","245","15","2024-06-13","7"
"1368","405","13","2025-04-19","2"
"1369","482","13","2024-02-12","8"
"1370","30","11","2025-08-15","6"
"1371","196","30","2023-08-19","5"
"1372","102","5","2022-12-16","7"
"1373","37","42","2025-10-23","10"
"1374","157","34","2023-10-08","10"
"1375","334","30","2025-05-18","7"
"1376","38","22","2024-07-30","8"
"1377","392","5","2023-01-04","1"
"1378","37","26","2025-08-26","7"
"1379","86","27","2024-01-18","7"
"1380","308","12","2023-04-17","7"
"1381","462","6","2025-03-01","6"
"1382","105","33","2023-02-26","2"
"1383","22","4","2023-03-10","5"
"1384","28","5","2025-01-24","6"
"1385","486","29","2025-03-10","7"
"1386","3","50","2025-03-12","4"
"1387","428","18","2024-01-20","3"
"1388","256","28","2023-02-21","2"
"1389","79","12","2024-03-16","1"
"1390","167","28","2024-08-11","5"
"1391","426","3","2024-05-21","3"
"1392","412","11","2024-03-09","5"
"1393","490","39","2023-12-05","7"
"1394","322","42","2025-02-17","4"
"1395","127","8","2025-05-07","6"
"1396","227","1","2024-09-01","2"
"1397","464","31","2024-08-26","8"
"1398","150","3","2023-07-21","8"
"1399","217","30","2025-09-16","8"
"1400","81","8","2024-10-23","7"
"1401","481","44","2025-08-30","10"
"1402","362","49","2024-01-24","2"
"1403","256","32","2023-01-08","6"
"1404","97","38","2023-04-24","1"
"1405","457","10","2025-05-18","5"
"1406","441","36","2025-06-25","9"
"1407","376","18","2024-11-23","10"
"1408","126","2","2023-02-06","5"
"1409","472","18","2024-05-19","8"
"1410","21","45","2023-09-20","8"
"1411","50","2","2024-02-17","2"
"1412","411","34","2024-09-09","7"
"1413","251","39","2023-01-13","9"
"1414","93","26","2023-10-11","2"
"1415","43","19","2025-08-16","7"
"1416","314","36","2025-01-04","10"
"1417","384","25","2025-09-23","3"
"1418","100","19","2023-03-06","7"
"1419","46","32","2023-02-02","5"
"1420","134","42","2025-08-13","9"
"1421","187","48","2023-03-26","10"
"1422","270","29","2025-07-13","3"
"1423","323","23","2025-03-28","1"
"1424","340","30","2023-09-14","5"
"1425","215","18","2024-08-23","8"
"1426","260","21","2025-06-19","8"
"1427","169","8","2024-01-23","5"
"1428","153","33","2025-09-17","8"
"1429","147","32","2024-04-07","6"
"1430","281","49","2025-07-04","2"
"1431","463","7","2024-06-30","7"
"1432","467","39","2023-09-15","10"
"1433","117","40","2023-12-04","1"
"1434","363","47","2025-10-30","9"
"1435","170","30","2024-05-24","5"
"1436","22","32","2025-10-24","7"
"1437","76","41","2025-02-09","6"
"1438","15","30","2025-11-17","1"
"1439","452","13","2024-08-27","8"
"1440","39","43","2023-01-20","1"
"1441","255","36","2025-05-02","3"
"1442","288","39","2025-10-24","2"
"1443","426","35","2025-09-07","8"
"1444","326","10","2025-07-11","6"
"1445","91","17","2023-01-16","1"
"1446","472","32","2024-08-16","3"
"1447","54","31","2024-10-27","2"
"1448","163","25","2025-07-26","2"
"1449","213","21","2024-04-28","1"
"1450","429","40","2023-07-08","5"
"1451","497","31","2023-04-21","8"
"1452","276","3","2025-01-25","4"
"1453","24","6","2025-11-16","4"
"1454","94","21","2024-10-19","2"
"1455","133","1","2023-05-28","4"
"1456","133","26","2024-06-05","3"
"1457","66","48","2023-03-05","7"
"1458","354","28","2025-01-11","5"
"1459","476","48","2023-12-19","9"
"1460","92","43","2023-09-13","1"
"1461","75","21","2023-06-10","2"
"1462","321","27","2023-06-09","1"
"1463","455","32","2023-09-05","1"
"1464","95","10","2023-11-18","8"
"1465","42","8","2024-04-28","1"
"1466","365","28","2024-01-11","2"
"1467","295","10","2025-07-20","1"
"1468","184","20","2025-11-08","8"
"1469","250","44","2024-05-07","8"
"1470","390","11","2023-02-16","8"
"1471","286","7","2024-05-26","8"
"1472","375","46","2023-03-30","5"
"1473","225","42","2023-08-24","1"
"1474","316","11","2025-07-09","7"
"1475","287","46","2024-01-06","7"
"1476","410","45","2022-12-26","6"
"1477","75","36","2024-01-20","7"
"1478","397","16","2024-06-24","5"
"1479","150","1","2023-01-26","5"
"1480","95","39","2023-10-24","7"
"1481","107","4","2024-11-07","4"
"1482","301","10","2025-07-08","2"
"1483","236","30","2025-04-20","4"
"1484","194","6","2022-12-19","5"
"1485","85","41","2025-01-28","1"
"1486","281","42","2024-11-05","5"
"1487","259","23","2025-06-14","3"
"1488","301","10","2024-06-21","2"
"1489","385","50","2025-11-09","5"
"1490","260","27","2023-03-27","10"
"1491","147","23","2024-10-25","2"
"1492","67","4","2023-12-13","10"
"1493","413","38","2023-06-25","5"
"1494","177","1","2023-12-27","3"
"1495","80","25","2023-08-01","8"
"1496","255","5","2024-02-10","10"
"1497","287","24","2022-12-31","1"
"1498","13","16","2023-03-25","4"
"1499","102","46","2024-02-04","7"
"1500","246","35","2025-12-05","8"
"1501","242","40","2023-01-13","2"
"1502","376","5","2025-03-26","10"
"1503","479","3","2025-03-19","7"
"1504","464","23","2023-02-03","3"
"1505","266","14","2024-08-12","9"
"1506","491","48","2023-03-10","10"
"1507","246","25","2023-01-15","5"
"1508","101","48","2023-05-18","1"
"1509","41","36","2025-06-10","8"
"1510","460","6","2025-11-03","3"
"1511","356","31","2025-11-01","2"
"1512","354","32","2023-11-25","4"
"1513","177","26","2023-12-05","8"
"1514","306","43","2025-06-13","9"
"1515","105","34","2024-08-21","3"
"1516","203","39","2025-09-28","8"
"1517","359","30","2023-02-12","6"
"1518","411","33","2025-03-02","10"
"1519","205","14","2024-12-11","7"
"1520","299","13","2025-10-26","2"
"1521","378","31","2023-01-28","6"
"1522","107","50","2024-06-13","7"
"1523","118","18","2025-04-14","1"
"1524","20","13","2023-01-31","10"
"1525","170","35","2025-08-24","4"
"1526","426","45","2023-09-12","7"
"1527","356","12","2023-04-03","3"
"1528","296","11","2023-04-14","5"
"1529","148","7","2023-01-05","1"
"1530","236","34","2023-03-03","10"
"1531","264","48","2025-04-19","3"
"1532","249","28","2023-06-24","4"
"1533","450","14","2024-02-13","1"
"1534","25","37","2023-01-19","5"
"1535","458","48","2025-04-09","10"
"1536","267","15","2025-01-07","4"
"1537","235","17","2025-05-31","10"
"1538","38","31","2025-08-10","7"
"1539","342","4","2024-04-26","6"
"1540","437","14","2024-09-21","6"
"1541","376","28","2023-11-30","8"
"1542","103","7","2023-02-13","3"
"1543","45","49","2023-04-12","6"
"1544","121","5","2025-09-23","7"
"1545","133","41","2023-04-27","5"
"1546","195","13","2023-07-21","5"
"1547","352","26","2025-02-15","8"
"1548","300","37","2025-11-17","5"
"1549","52","32","2024-05-09","10"
"1550","399","24","2024-02-11","7"
"1551","159","20","2024-12-02","4"
"1552","341","34","2024-02-26","5"
"1553","93","34","2025-04-09","5"
"1554","471","25","2024-11-20","6"
"1555","94","26","2023-01-25","4"
"1556","168","33","2023-06-17","1"
"1557","255","3","2025-07-24","2"
"1558","83","21","2025-10-13","4"
"1559","204","47","2024-09-19","4"
"1560","468","49","2024-02-18","10"
"1561","253","30","2023-04-12","9"
"1562","283","7","2023-10-16","6"
"1563","481","38","2022-12-26","2"
"1564","140","45","2023-06-20","3"
"1565","383","50","2023-12-28","6"
"1566","230","6","2023-02-28","7"
"1567","104","35","2025-05-27","6"
"1568","262","10","2023-02-24","4"
"1569","414","38","2023-08-07","7"
"1570","329","44","2023-10-30","2"
"1571","414","10","2024-06-15","8"
"1572","320","42","2024-03-20","2"
"1573","143","25","2024-01-07","5"
"1574","463","9","2025-05-29","8"
"1575","453","33","2025-04-18","3"
"1576","10","11","2024-03-15","5"
"1577","444","27","2023-01-13","10"
"1578","172","20","2023-02-09","9"
"1579","252","30","2025-07-16","5"
"1580","431","27","2024-03-19","2"
"1581","347","9","2024-12-09","6"
"1582","329","16","2025-03-02","9"
"1583","444","42","2025-01-21","9"
"1584","154","8","2023-01-15","4"
"1585","490","28","2024-08-11","6"
"1586","146","31","2023-11-20","5"
"1587","328","38","2024-03-06","4"
"1588","500","32","2025-03-05","8"
"1589","235","23","2023-02-01","4"
"1590","414","41","2024-03-11","1"
"1591","31","13","2024-11-20","2"
"1592","464","47","2025-11-23","5"
"1593","438","42","2023-09-19","10"
"1594","428","16","2023-09-24","9"
"1595","402","44","2023-05-05","4"
"1596","283","10","2023-01-11","7"
"1597","482","9","2023-03-15","4"
"1598","101","25","2025-11-21","2"
"1599","253","44","2024-08-13","1"
"1600","261","18","2024-01-05","3"
"1601","182","10","2025-10-08","6"
"1602","258","42","2025-08-17","2"
"1603","4","49","2023-10-20","8"
"1604","290","28","2024-12-07","10"
"1605","223","47","2024-04-23","1"
"1606","97","1","2024-08-30","10"
"1607","181","7","2024-07-07","1"
"1608","119","45","2023-08-03","6"
"1609","210","19","2024-04-16","3"
"1610","413","2","2024-03-15","9"
"1611","41","17","2025-12-13","7"
"1612","201","41","2023-06-13","4"
"1613","469","9","2025-03-08","6"
"1614","355","16","2023-12-08","2"
"1615","324","4","2024-11-06","7"
"1616","84","3","2024-04-22","1"
"1617","292","5","2025-04-29","6"
"1618","276","14","2025-12-12","10"
"1619","223","36","2024-04-13","6"
"1620","480","45","2024-11-03","9"
"1621","231","3","2024-12-18","2"
"1622","289","7","2024-02-17","9"
"1623","26","49","2025-04-15","2"
"1624","471","19","2025-11-10","8"
"1625","423","35","2024-02-14","5"
"1626","483","21","2025-08-04","2"
"1627","350","43","2023-02-07","9"
"1628","212","41","2023-04-15","5"
"1629","71","49","2023-01-05","7"
"1630","188","2","2024-10-23","7"
"1631","308","43","2024-11-17","3"
"1632","32","41","2024-06-11","7"
"1633","474","25","2025-02-28","3"
"1634","199","11","2024-01-22","6"
"1635","350","9","2024-10-24","6"
"1636","334","14","2025-07-17","7"
"1637","202","47","2024-09-06","5"
"1638","118","14","2025-03-02","1"
"1639","368","48","2025-01-18","7"
"1640","248","30","2025-11-22","8"
"1641","224","49","2025-06-18","6"
"1642","125","18","2024-12-23","5"
"1643","6","3","2023-12-29","3"
"1644","416","16","2025-02-18","10"
"1645","454","42","2023-10-30","1"
"1646","402","39","2025-04-21","1"
"1647","354","35","2025-01-05","2"
"1648","59","33","2025-09-04","2"
"1649","32","12","2025-07-06","2"
"1650","402","1","2024-09-15","3"
"1651","233","6","2023-06-08","8"
"1652","78","23","2023-02-05","2"
"1653","101","34","2023-09-22","7"
"1654","443","11","2025-07-29","5"
"1655","282","33","2025-10-04","6"
"1656","168","3","2024-06-21","10"
"1657","37","3","2025-08-27","6"
"1658","286","23","2023-04-15","3"
"1659","15","3","2024-09-24","4"
"1660","366","15","2024-03-09","4"
"1661","425","42","2025-07-26","5"
"1662","316","35","2023-05-15","4"
"1663","127","29","2023-05-01","4"
"1664","291","48","2025-05-09","3"
"1665","437","36","2023-10-26","3"
"1666","96","28","2024-03-03","10"
"1667","453","38","2024-01-09","3"
"1668","127","25","2023-12-03","4"
"1669","365","12","2024-04-06","9"
"1670","106","7","2025-09-06","4"
"1671","142","31","2023-07-22","5"
"1672","383","49","2023-04-11","3"
"1673","303","50","2025-03-09","1"
"1674","130","39","2023-08-25","3"
"1675","120","13","2023-06-12","5"
"1676","297","23","2024-10-02","1"
"1677","398","2","2023-12-16","5"
"1678","347","29","2025-05-08","8"
"1679","252","47","2025-04-03","8"
"1680","103","37","2023-11-05","5"
"1681","353","39","2023-09-15","9"
"1682","105","34","2023-09-21","4"
"1683","178","4","2024-10-11","5"
"1684","214","43","2024-07-18","5"
"1685","258","38","2025-04-28","1"
"1686","55","49","2024-10-09","8"
"1687","112","25","2024-06-30","8"
"1688","413","31","2025-02-02","8"
"1689","43","41","2023-04-06","7"
"1690","212","45","2025-03-19","1"
"1691","226","35","2023-02-14","1"
"1692","3","35","2023-03-04","5"
"1693","86","1","2025-01-17","8"
"1694","125","5","2025-08-30","2"
"1695","445","27","2024-07-30","8"
"1696","194","28","2025-08-28","10"
"1697","475","37","2024-05-21","1"
"1698","463","6","2025-06-19","8"
"1699","280","50","2024-10-28","3"
"1700","336","31","2024-12-01","1"
"1701","146","10","2025-02-26","1"
"1702","223","39","2025-09-24","7"
"1703","225","35","2023-05-23","7"
"1704","139","10","2025-01-07","1"
"1705","211","24","2025-09-09","10"
"1706","243","46","2023-05-15","6"
"1707","437","19","2023-08-07","6"
"1708","238","13","2023-12-31","8"
"1709","161","46","2025-06-21","7"
"1710","278","2","2024-02-23","4"
"1711","86","21","2024-12-13","9"
"1712","93","21","2024-02-19","7"
"1713","309","23","2025-07-29","7"
"1714","114","46","2023-02-14","4"
"1715","374","43","2024-05-02","2"
"1716","432","16","2023-07-26","10"
"1717","325","34","2025-06-12","3"
"1718","169","45","2025-11-23","1"
"1719","267","48","2025-08-04","8"
"1720","484","15","2023-10-29","4"
"1721","80","13","2024-12-10","3"
"1722","250","27","2025-04-14","9"
"1723","23","44","2024-07-25","1"
"1724","38","39","2023-07-08","7"
"1725","181","41","2025-09-23","10"
"1726","244","22","2023-01-19","2"
"1727","367","17","2025-10-06","2"
"1728","32","35","2024-04-03","9"
"1729","34","36","2024-05-04","3"
"1730","478","46","2024-12-22","2"
"1731","92","16","2025-04-18","2"
"1732","261","25","2023-08-05","3"
"1733","117","10","2023-01-18","4"
"1734","200","50","2025-10-21","2"
"1735","255","12","2022-12-29","3"
"1736","447","18","2025-12-08","2"
"1737","415","20","2024-12-01","9"
"1738","350","43","2025-06-21","4"
"1739","336","8","2024-07-02","7"
"1740","170","24","2023-06-13","8"
"1741","175","17","2025-06-09","10"
"1742","238","39","2023-02-10","6"
"1743","448","34","2023-09-15","1"
"1744","127","13","2023-04-22","3"
"1745","150","47","2025-11-01","3"
"1746","214","38","2024-07-21","10"
"1747","285","2","2024-11-08","4"
"1748","459","7","2023-09-24","5"
"1749","130","48","2023-02-12","4"
"1750","275","29","2025-07-29","3"
"1751","183","11","2025-07-28","3"
"1752","330","47","2023-12-20","8"
"1753","12","38","2025-07-01","4"
"1754","19","19","2024-11-11","6"
"1755","347","29","2024-12-26","4"
"1756","207","46","2025-08-16","3"
"1757","63","15","2023-10-10","1"
"1758","476","1","2023-10-08","6"
"1759","439","39","2024-06-09","4"
"1760","78","12","2024-10-15","4"
"1761","231","25","2024-06-12","10"
"1762","144","36","2023-02-05","9"
"1763","138","41","2024-11-30","10"
"1764","415","27","2024-12-20","3"
"1765","155","50","2024-09-18","6"
"1766","19","37","2023-02-26","10"
"1767","186","43","2023-02-20","4"
"1768","113","43","2024-04-21","4"
"1769","442","1","2024-02-27","9"
"1770","365","3","2024-03-10","8"
"1771","15","16","2023-09-21","10"
"1772","475","28","2025-05-20","6"
"1773","291","44","2024-01-03","10"
"1774","27","29","2022-12-31","3"
"1775","412","32","2025-10-09","1"
"1776","490","10","2024-05-09","7"
"1777","276","1","2025-12-10","10"
"1778","218","45","2023-02-06","10"
"1779","54","15","2023-06-24","6"
"1780","269","43","2024-01-12","2"
"1781","238","24","2024-08-18","2"
"1782","9","45","2025-04-08","8"
"1783","406","6","2024-07-13","6"
"1784","427","45","2025-02-13","3"
"1785","89","43","2024-03-22","6"
"1786","380","45","2025-08-29","6"
"1787","260","17","2025-05-22","9"
"1788","3","4","2025-04-27","4"
"1789","302","39","2025-07-19","9"
"1790","469","49","2023-04-16","7"
"1791","103","39","2025-02-21","2"
"1792","409","7","2023-06-08","8"
"1793","393","29","2022-12-26","5"
"1794","236","13","2024-10-04","5"
"1795","415","46","2024-09-05","1"
"1796","108","11","2025-01-10","8"
"1797","357","27","2025-08-08","9"
"1798","256","35","2023-12-21","9"
"1799","412","29","2025-04-17","6"
"1800","212","10","2023-07-20","4"
"1801","188","1","2024-04-12","4"
"1802","268","6","2023-06-15","3"
"1803","35","6","2025-04-07","9"
"1804","29","13","2024-07-08","3"
"1805","438","47","2024-11-28","3"
"1806","72","18","2025-07-12","2"
"1807","318","25","2024-06-19","9"
"1808","491","49","2024-02-24","7"
"1809","223","13","2025-02-28","2"
"1810","394","28","2023-04-29","9"
"1811","259","26","2023-02-06","5"
"1812","211","48","2024-12-29","8"
"1813","73","23","2023-02-13","2"
"1814","221","39","2024-12-19","3"
"1815","128","47","2023-12-16","6"
"1816","26","9","2023-05-14","10"
"1817","177","27","2025-04-05","3"
"1818","491","12","2023-01-10","9"
"1819","84","6","2023-04-22","10"
"1820","117","21","2025-08-05","10"
"1821","45","33","2023-03-14","10"
"1822","430","21","2024-04-14","3"
"1823","258","36","2024-06-20","2"
"1824","71","16","2023-10-04","1"
"1825","65","29","2025-08-19","2"
"1826","329","50","2024-08-07","8"
"1827","482","16","2023-10-07","10"
"1828","102","27","2023-05-17","6"
"1829","118","50","2023-01-01","4"
"1830","20","46","2025-04-28","3"
"1831","112","41","2024-10-04","9"
"1832","267","24","2025-03-16","7"
"1833","156","16","2025-02-11","6"
"1834","302","28","2024-08-20","1"
"1835","428","39","2024-04-03","7"
"1836","34","16","2025-08-07","8"
"1837","36","23","2025-10-30","6"
"1838","167","12","2023-01-25","2"
"1839","392","37","2023-11-13","10"
"1840","413","26","2024-03-30","7"
"1841","6","44","2024-05-28","2"
"1842","312","3","2024-05-04","8"
"1843","129","17","2025-01-20","6"
"1844","446","36","2024-04-11","2"
"1845","6","29","2023-01-14","10"
"1846","245","36","2024-10-10","10"
"1847","225","12","2023-09-03","8"
"1848","128","23","2024-04-24","6"
"1849","167","35","2023-02-16","6"
"1850","315","13","2024-10-19","7"
"1851","185","45","2025-07-29","5"
"1852","43","34","2023-12-29","7"
"1853","453","50","2024-07-07","8"
"1854","304","24","2024-09-14","9"
"1855","308","24","2023-02-22","4"
"1856","478","46","2025-08-25","4"
"1857","120","6","2024-03-13","10"
"1858","460","16","2023-08-19","7"
"1859","94","29","2022-12-16","2"
"1860","46","24","2023-07-20","7"
"1861","127","18","2025-03-21","4"
"1862","125","27","2024-06-29","2"
"1863","482","34","2025-03-29","8"
"1864","476","29","2024-02-14","4"
"1865","288","21","2023-12-02","1"
"1866","489","20","2023-07-01","8"
"1867","188","28","2023-02-27","1"
"1868","71","5","2025-09-11","5"
"1869","341","33","2023-05-07","5"
"1870","158","8","2025-07-16","8"
"1871","83","45","2023-01-19","9"
"1872","354","5","2025-05-27","7"
"1873","178","34","2023-10-07","4"
"1874","387","6","2025-01-25","3"
"1875","348","39","2022-12-21","7"
"1876","320","37","2025-09-15","5"
"1877","205","32","2025-01-17","9"
"1878","237","45","2025-05-04","10"
"1879","380","21","2025-12-10","3"
"1880","23","6","2024-02-07","9"
"1881","412","46","2024-11-14","5"
"1882","83","41","2024-03-12","7"
"1883","412","48","2025-03-22","6"
"1884","421","10","2023-10-24","5"
"1885","31","15","2024-08-10","6"
"1886","318","40","2025-11-06","8"
"1887","125","19","2023-12-31","10"
"1888","106","28","2024-10-22","3"
"1889","80","44","2025-07-31","6"
"1890","415","7","2023-11-26","8"
"1891","478","17","2023-05-22","7"
"1892","354","42","2023-08-19","6"
"1893","135","2","2025-03-07","6"
"1894","201","20","2023-09-17","7"
"1895","446","36","2025-12-03","3"
"1896","409","22","2025-01-09","1"
"1897","285","44","2025-12-07","5"
"1898","425","4","2025-09-19","3"
"1899","448","2","2024-12-19","3"
"1900","129","32","2023-11-04","2"
"1901","183","34","2024-06-10","1"
"1902","320","30","2025-12-02","3"
"1903","266","23","2024-12-28","10"
"1904","46","40","2023-10-10","2"
"1905","299","6","2024-12-29","8"
"1906","340","29","2025-08-09","4"
"1907","124","14","2025-09-06","7"
"1908","32","3","2023-10-31","8"
"1909","400","27","2025-09-17","1"
"1910","477","16","2024-07-21","6"
"1911","496","43","2024-07-18","2"
"1912","323","16","2024-08-01","9"
"1913","459","44","2024-11-09","2"
"1914","334","50","2023-11-23","10"
"1915","39","44","2025-11-16","2"
"1916","47","23","2023-07-30","9"
"1917","317","27","2025-03-23","8"
"1918","24","23","2024-08-20","8"
"1919","312","7","2024-01-13","8"
"1920","138","25","2024-04-29","6"
"1921","382","2","2024-12-05","3"
"1922","167","35","2024-03-22","3"
"1923","490","15","2025-11-20","2"
"1924","274","25","2024-06-16","1"
"1925","198","22","2025-05-13","3"
"1926","243","15","2023-06-10","2"
"1927","266","6","2025-09-11","7"
"1928","222","6","2023-06-05","6"
"1929","178","12","2024-02-02","5"
"1930","118","43","2024-03-13","4"
"1931","82","44","2023-11-30","8"
"1932","398","6","2024-05-20","9"
"1933","279","4","2025-05-14","6"
"1934","462","50","2024-08-28","4"
"1935","301","32","2025-05-20","2"
"1936","129","47","2023-12-08","3"
"1937","26","3","2023-11-12","8"
"1938","347","3","2023-09-07","1"
"1939","381","13","2024-12-05","9"
"1940","281","21","2025-10-31","10"
"1941","31","38","2023-10-12","7"
"1942","258","37","2024-06-14","9"
"1943","41","29","2023-01-11","6"
"1944","182","47","2024-12-19","8"
"1945","172","24","2025-09-25","2"
"1946","437","29","2024-03-10","7"
"1947","361","36","2025-09-23","5"
"1948","156","23","2023-01-11","2"
"1949","445","48","2023-06-04","8"
"1950","321","24","2025-05-07","6"
"1951","435","49","2023-02-11","7"
"1952","310","2","2024-05-08","9"
"1953","174","1","2025-01-26","6"
"1954","334","14","2023-10-27","7"
"1955","20","6","2023-07-14","2"
"1956","107","23","2025-07-22","8"
"1957","7","43","2024-06-28","4"
"1958","143","23","2025-12-05","4"
"1959","206","25","2023-09-22","9"
"1960","205","18","2025-03-14","9"
"1961","90","48","2025-10-26","10"
"1962","27","3","2024-06-24","5"
"1963","361","12","2024-08-14","5"
"1964","449","50","2023-12-23","2"
"1965","440","47","2023-03-06","9"
"1966","177","43","2024-10-17","6"
"1967","402","1","2024-11-01","9"
"1968","120","11","2023-08-11","9"
"1969","4","35","2025-07-21","1"
"1970","270","41","2024-07-19","5"
"1971","74","23","2024-09-11","5"
"1972","306","7","2024-11-30","2"
"1973","97","8","2023-01-27","7"
"1974","458","14","2025-04-18","10"
"1975","411","17","2024-09-29","2"
"1976","68","46","2025-11-12","6"
"1977","162","17","2025-07-09","1"
"1978","182","16","2025-01-25","4"
"1979","41","4","2023-10-03","4"
"1980","13","30","2024-02-10","8"
"1981","17","32","2024-12-25","3"
"1982","272","37","2024-01-19","7"
"1983","461","1","2023-09-25","1"
"1984","283","3","2023-03-04","4"
"1985","254","22","2024-07-02","4"
"1986","265","17","2025-05-27","3"
"1987","116","14","2025-03-04","1"
"1988","408","15","2025-10-03","1"
"1989","268","25","2024-05-13","5"
"1990","394","12","2025-11-28","2"
"1991","207","39","2023-09-17","4"
"1992","197","14","2023-11-22","7"
"1993","451","39","2024-06-16","2"
"1994","478","44","2024-11-21","3"
"1995","20","43","2023-11-08","6"
"1996","411","3","2024-01-30","3"
"1997","38","42","2023-12-04","8"
"1998","415","30","2024-02-18","8"
"1999","444","25","2025-01-07","8"
"2000","286","1","2025-12-08","3"
